DTD,DTT,DID,DIT,DMD,DMT,DRD,DRT,DPD,DPT,DTI,DTM,DTR,DTP,Label
233,312,472,535,494,558,459,515,405,460,232,263,229,199,Five
252,328,493,559,515,581,486,548,430,490,241,271,247,212,Five
257,337,501,567,519,583,490,550,433,492,239,263,239,205,Five
262,343,509,575,526,591,495,555,438,496,242,266,240,205,Five
219,300,464,528,481,549,444,504,381,429,237,265,231,184,Five
268,350,514,583,540,608,510,570,448,505,243,276,247,206,Five
264,341,515,585,549,618,521,583,453,509,257,298,272,222,Five
257,330,515,583,554,625,524,588,451,507,267,317,289,233,Five
254,322,510,578,554,629,524,589,447,503,269,328,297,235,Five
250,320,507,576,549,623,521,587,443,499,270,324,297,232,Five
248,317,504,571,545,619,516,580,435,488,268,324,293,225,Five
247,315,498,564,539,611,510,573,430,482,262,317,287,220,Five
241,311,490,554,528,599,500,562,421,473,256,309,280,214,Five
240,307,485,549,525,596,497,559,421,473,255,310,281,218,Five
200,265,442,504,478,546,447,508,377,426,253,302,272,215,Five
238,304,475,537,514,581,489,551,418,470,246,297,275,215,Five
232,296,469,530,509,576,486,548,415,468,246,300,279,220,Five
231,296,469,530,509,577,487,549,416,468,246,300,279,220,Five
236,301,469,532,510,578,487,550,420,472,243,297,276,218,Five
235,301,475,539,516,585,493,557,424,480,250,303,282,225,Five
239,307,477,541,521,589,500,564,431,487,245,300,283,227,Five
244,312,490,555,535,605,515,581,444,503,254,311,295,237,Five
264,344,539,611,589,667,563,633,481,544,282,345,320,256,Five
276,359,581,657,629,710,600,673,506,566,314,375,348,269,Five
293,378,636,721,688,780,655,736,548,617,360,429,396,305,Five
338,433,682,771,731,829,688,776,568,641,358,427,388,292,Five
360,461,720,814,768,871,714,808,583,655,374,443,396,289,Five
376,481,744,843,797,906,740,837,604,682,381,457,404,297,Five
382,489,756,856,809,920,751,851,613,691,386,462,410,299,Five
384,488,748,845,801,909,743,843,607,686,375,451,401,292,Five
374,478,731,827,784,886,730,825,597,672,367,437,392,284,Five
368,469,714,807,769,870,716,809,588,660,355,430,384,278,Five
347,440,669,753,720,812,677,762,562,635,328,397,359,269,Five
328,415,630,711,679,765,640,719,540,613,309,374,339,264,Five
289,369,573,643,618,691,594,663,508,573,286,342,323,256,Five
190,253,454,519,492,565,470,533,406,460,279,331,307,253,Five
242,312,492,551,541,604,527,587,460,514,250,309,299,243,Five
177,235,403,458,453,518,441,499,388,439,234,300,287,242,Five
212,272,439,493,484,540,471,523,417,468,231,284,273,231,Five
209,268,438,493,480,540,468,525,409,460,235,287,278,227,Five
164,220,382,437,425,486,414,470,362,410,229,284,274,230,Five
208,269,427,483,472,534,456,514,401,450,225,282,269,220,Five
207,266,424,481,470,533,455,514,400,452,226,284,272,225,Five
199,258,421,476,465,527,449,507,396,446,229,286,273,226,Five
205,263,429,485,469,532,452,509,394,444,234,287,271,222,Five
205,262,434,493,478,542,460,517,395,443,243,298,280,224,Five
203,258,442,500,483,545,467,525,393,443,256,307,292,230,Five
213,265,467,525,502,564,484,543,407,455,280,322,307,239,Five
214,268,468,528,507,573,490,550,411,459,279,328,311,240,Five
217,268,473,533,510,574,493,552,413,460,286,332,316,246,Five
215,266,470,530,507,572,488,549,407,454,285,332,315,244,Five
217,267,473,532,509,573,489,549,409,457,287,333,315,247,Five
169,216,434,491,460,524,435,494,364,409,298,336,312,251,Five
224,273,476,534,515,579,497,557,414,461,282,330,313,238,Five
224,276,478,536,515,581,494,552,415,462,280,328,305,235,Five
175,223,426,478,455,518,432,491,361,406,278,322,300,236,Five
227,278,477,536,511,577,487,547,410,458,278,322,299,231,Five
231,278,474,531,507,569,485,544,405,451,272,314,294,224,Five
230,281,470,526,501,562,480,537,402,448,265,306,286,219,Five
226,275,466,522,496,558,472,530,390,437,265,305,283,213,Five
228,278,463,517,491,550,467,524,385,431,257,295,274,204,Five
230,281,461,515,487,545,466,523,384,432,252,286,270,201,Five
229,280,454,510,480,541,458,515,379,423,248,283,262,193,Five
232,289,455,511,485,546,462,519,384,431,236,274,253,185,Five
238,299,457,513,489,550,470,527,388,433,224,265,246,172,Five
243,308,460,516,496,557,481,540,398,448,218,262,249,174,Five
246,317,478,538,515,583,497,560,415,469,230,278,260,184,Five
264,341,515,581,555,630,533,601,439,495,250,302,277,187,Five
272,345,526,594,575,653,552,623,456,513,258,320,294,199,Five
286,361,547,617,592,670,566,638,467,525,265,321,294,198,Five
290,370,559,630,605,687,576,651,474,536,269,330,299,201,Five
288,367,564,635,611,691,581,655,473,532,277,337,306,201,Five
299,380,567,637,609,691,577,652,476,538,267,323,290,194,Five
294,381,557,625,597,672,572,641,466,522,254,303,277,179,Five
294,379,554,624,587,659,560,624,458,506,253,290,260,163,Five
296,377,548,615,585,660,559,628,453,509,244,293,266,165,Five
293,380,551,619,585,663,551,619,450,504,245,292,254,159,Five
304,388,562,633,599,677,566,637,459,514,251,297,263,160,Five
308,395,566,637,600,681,565,637,458,516,248,294,257,156,Five
257,345,503,575,514,593,474,541,393,446,237,259,215,141,Five
311,397,567,637,599,678,560,631,453,507,246,291,250,149,Five
262,349,501,571,518,598,488,559,394,447,229,260,227,140,Five
316,404,565,636,599,680,562,635,456,515,237,285,246,147,Five
260,346,475,538,483,554,454,518,383,437,199,220,192,133,Five
312,395,564,635,597,676,555,629,444,502,245,290,248,143,Five
312,399,559,628,598,676,564,636,455,514,235,287,253,150,Five
258,340,475,536,489,557,452,506,385,431,203,229,187,134,Five
326,415,579,651,616,698,584,655,473,530,242,292,255,151,Five
321,415,586,662,621,703,590,661,481,540,253,298,261,160,Five
321,407,587,662,622,703,593,663,492,551,262,306,271,177,Five
265,344,473,535,486,555,475,538,415,473,196,219,210,161,Five
324,415,594,670,637,720,610,682,504,565,263,315,282,182,Five
250,333,467,527,499,571,492,558,423,481,201,248,242,182,Five
328,424,602,678,655,741,630,706,517,581,261,327,297,191,Five
330,427,608,687,660,749,637,717,519,584,267,332,305,191,Five
332,431,620,699,675,768,650,734,538,612,276,347,318,213,Five
335,434,631,714,682,775,654,737,535,607,286,351,318,205,Five
330,426,640,722,691,784,661,748,538,611,301,366,334,211,Five
332,424,630,710,688,783,660,748,543,614,292,368,337,217,Five
325,415,619,698,676,767,655,740,546,618,290,363,340,233,Five
327,414,622,703,672,757,646,725,533,598,298,359,333,230,Five
309,393,612,688,662,748,637,721,520,588,305,372,351,245,Five
296,377,597,669,649,731,625,704,514,580,304,374,353,257,Five
283,362,579,652,632,711,606,683,496,561,302,368,349,254,Five
272,348,552,621,605,682,582,655,482,544,286,354,336,251,Five
264,339,534,602,589,664,568,641,468,529,274,343,329,243,Five
252,325,521,587,575,647,550,620,452,511,273,341,322,237,Five
250,323,513,580,566,638,539,610,445,502,268,334,314,231,Five
245,313,504,567,552,621,528,594,434,487,265,326,306,223,Five
251,319,502,566,547,618,524,590,430,484,259,318,298,217,Five
251,321,502,566,546,616,521,588,430,485,256,314,293,215,Five
247,312,494,558,541,610,515,581,422,477,257,317,296,214,Five
248,314,494,557,541,611,515,582,423,479,254,316,295,215,Five
243,308,488,551,537,606,512,577,424,476,255,318,298,221,Five
242,303,493,558,540,612,515,582,427,483,268,332,311,234,Five
231,290,492,555,540,612,518,588,425,480,281,347,332,249,Five
229,288,495,559,541,613,520,589,424,478,288,351,337,251,Five
229,290,497,561,543,614,522,591,423,477,288,350,337,249,Five
231,292,498,561,544,616,522,592,423,477,286,351,336,247,Five
232,290,495,559,544,616,522,591,424,478,286,353,337,251,Five
232,291,497,560,543,615,520,590,421,477,286,351,336,249,Five
230,290,493,556,541,613,517,587,419,472,284,350,334,246,Five
229,289,494,558,540,612,516,587,417,474,287,350,335,249,Five
234,293,498,562,546,618,523,592,425,480,287,352,336,250,Five
234,295,501,567,547,620,524,594,428,482,289,351,335,249,Five
231,293,499,563,545,617,521,590,424,479,288,351,334,249,Five
234,295,499,564,548,620,524,593,428,482,286,351,334,249,Five
231,292,499,564,545,618,521,591,424,480,289,352,335,250,Five
242,303,515,583,560,636,533,605,436,495,299,361,341,256,Five
248,311,530,600,577,652,549,622,443,498,308,370,352,255,Five
258,323,551,623,597,677,567,644,455,515,320,383,363,262,Five
269,340,573,650,619,704,587,668,470,533,329,393,372,266,Five
288,363,610,693,662,754,618,705,490,556,351,423,390,275,Five
299,380,635,719,685,776,638,725,504,571,360,428,395,277,Five
306,386,645,731,696,791,649,740,514,581,366,436,403,283,Five
311,385,650,735,705,798,659,748,525,596,371,446,413,298,Five
309,388,651,735,708,808,664,752,532,604,370,454,415,301,Five
302,380,649,733,702,798,657,745,531,601,373,450,413,304,Five
305,384,650,736,711,808,669,759,540,617,370,453,420,310,Five
308,378,647,731,707,804,673,761,546,621,375,460,431,324,Five
314,384,647,732,711,809,672,762,549,624,371,460,428,325,Five
303,381,638,726,709,808,672,763,547,622,367,460,431,323,Five
307,384,630,719,701,800,670,763,547,618,357,450,428,321,Five
300,378,628,714,698,797,665,757,542,613,358,453,428,320,Five
297,374,620,705,690,786,658,747,536,605,352,445,421,314,Five
299,374,614,699,682,777,652,741,537,605,346,435,413,312,Five
295,367,601,680,661,752,635,719,525,595,330,413,392,299,Five
286,351,584,658,643,727,622,705,517,586,326,406,395,304,Five
205,264,489,560,552,639,543,622,453,510,320,408,401,310,Five
255,322,552,627,626,712,614,693,527,593,323,417,408,329,Five
259,322,560,632,632,713,625,704,530,598,328,417,418,334,Five
252,313,568,644,641,726,635,717,539,612,348,439,439,354,Five
256,318,579,654,654,740,643,724,548,621,353,448,441,356,Five
253,311,582,656,659,745,648,732,550,624,361,458,452,361,Five
245,309,575,650,657,746,648,730,554,631,357,460,451,369,Five
241,305,576,651,660,751,654,742,556,634,361,468,466,375,Five
249,314,589,665,670,761,660,748,565,644,366,469,463,376,Five
255,320,579,656,670,766,662,753,570,649,350,467,461,373,Five
255,317,588,664,676,771,664,756,567,646,362,476,468,375,Five
258,322,604,683,683,780,677,770,575,655,377,481,478,379,Five
269,339,618,699,699,799,688,783,581,664,376,482,474,372,Five
278,344,614,696,696,793,677,768,566,644,369,474,458,355,Five
276,343,615,697,693,793,677,771,567,645,371,475,462,356,Five
279,346,614,694,691,791,672,767,565,644,365,471,456,354,Five
271,339,611,692,689,785,672,766,565,640,370,473,462,357,Five
277,342,607,686,689,784,668,762,562,637,361,468,456,351,Five
277,343,605,683,686,781,664,757,559,634,356,464,448,347,Five
271,340,609,689,685,782,665,759,558,634,365,468,453,349,Five
273,340,611,691,683,780,663,756,552,630,367,465,450,345,Five
286,363,623,704,683,778,655,744,534,609,356,438,415,304,Five
290,357,616,693,674,763,646,733,532,607,351,430,409,308,Five
293,362,611,689,663,752,631,717,516,586,341,414,389,286,Five
295,368,608,687,656,746,619,706,501,573,334,402,374,271,Five
295,367,598,676,649,739,611,697,492,562,322,395,365,261,Five
293,368,595,672,644,731,606,690,488,558,318,386,357,256,Five
291,365,588,663,633,720,596,679,479,547,312,379,350,250,Five
293,366,580,657,625,711,582,660,468,535,307,372,334,242,Five
286,356,565,640,611,694,578,656,469,533,301,365,340,249,Five
268,330,543,613,595,673,564,641,460,524,301,370,350,261,Five
253,317,523,593,579,658,555,630,456,515,294,369,352,263,Five
242,304,512,580,569,646,547,621,450,509,292,368,354,266,Five
229,290,497,562,551,624,530,602,435,493,289,360,349,264,Five
211,268,468,531,523,595,504,574,420,477,279,351,339,261,Five
199,252,454,515,507,574,489,551,413,466,278,347,332,265,Five
193,246,444,504,498,562,481,544,408,460,274,341,332,264,Five
195,247,438,497,489,554,476,540,404,457,265,331,326,259,Five
189,242,433,492,485,550,473,536,398,450,265,332,326,258,Five
193,245,435,494,487,553,477,541,400,452,264,331,328,257,Five
194,250,444,505,495,563,480,545,402,455,272,337,328,257,Five
208,266,458,521,508,578,489,554,406,459,270,335,320,245,Five
216,273,464,528,517,588,497,563,413,467,270,339,323,248,Five
220,279,473,537,525,598,502,570,417,473,274,343,325,250,Five
244,304,504,569,556,633,528,601,429,489,281,354,333,245,Five
251,317,530,601,576,654,545,618,445,506,300,363,339,253,Five
260,329,548,621,599,682,565,641,459,521,310,381,352,260,Five
279,352,570,646,624,710,589,668,479,544,313,387,360,265,Five
284,364,588,668,642,728,603,684,488,554,321,391,363,265,Five
284,366,591,672,645,733,605,687,490,553,324,394,364,263,Five
287,360,593,670,647,732,606,687,492,558,327,399,369,270,Five
283,360,584,662,637,721,598,677,487,550,319,389,359,264,Five
277,353,573,650,627,711,593,673,483,547,313,384,360,264,Five
274,348,569,644,623,706,586,665,478,542,313,385,358,264,Five
270,346,560,637,616,699,584,661,478,540,307,378,353,262,Five
269,344,560,636,613,695,578,655,476,537,308,377,350,260,Five
270,343,557,631,611,692,576,652,476,538,304,375,348,261,Five
187,245,363,376,218,152,150,80,137,85,132,93,164,166,Five
197,255,458,520,230,151,140,76,126,82,267,104,178,177,Five
198,257,538,615,204,128,137,73,130,86,360,129,184,175,Five
208,263,577,658,238,164,150,87,135,89,398,98,175,178,Five
218,274,587,666,263,185,156,88,141,91,394,89,185,187,Five
217,275,594,672,278,200,160,94,141,93,400,75,181,185,Five
225,285,597,674,267,190,163,101,146,105,392,95,183,183,Five
223,283,593,671,267,189,163,102,145,104,390,93,181,181,Five
221,277,598,677,280,207,167,107,151,109,402,70,170,171,Five
220,284,597,677,280,203,174,111,157,112,395,81,173,175,Five
227,289,596,674,269,192,165,100,153,108,387,96,188,184,Five
228,290,593,672,285,207,167,101,153,107,383,82,188,185,Five
226,288,586,663,295,226,162,102,149,109,376,62,186,183,Five
217,279,589,668,286,212,169,105,155,110,390,66,173,172,Five
226,287,586,663,273,193,167,101,156,111,377,94,186,179,Five
225,286,583,662,288,217,167,105,154,110,377,68,181,179,Five
231,290,577,651,268,194,155,95,143,102,362,96,195,191,Five
216,275,569,645,265,189,164,104,148,106,371,86,171,172,Five
221,285,566,642,260,187,161,102,147,107,358,97,183,181,Five
230,292,560,635,267,189,172,109,154,111,344,102,182,183,Five
233,289,546,620,267,193,173,112,152,109,332,95,177,182,Five
220,280,524,595,265,195,177,119,157,117,317,85,161,165,Five
206,267,508,575,260,194,161,110,145,111,309,73,157,159,Five
214,276,481,542,263,199,163,112,148,116,267,76,163,162,Five
209,266,467,530,273,208,167,111,151,112,265,57,154,155,Five
204,261,462,525,255,186,162,106,154,115,264,74,155,149,Five
204,263,451,514,264,204,159,103,148,108,251,59,160,157,Five
203,258,449,512,257,196,162,109,156,120,254,62,149,142,Five
209,263,446,510,258,196,159,102,153,113,247,66,161,152,Five
208,262,442,503,253,190,160,106,150,113,241,72,156,152,Five
206,263,441,505,260,196,162,105,157,119,242,67,158,147,Five
199,257,437,499,255,191,157,101,146,108,242,65,156,151,Five
200,256,437,499,245,183,155,102,146,110,243,73,154,149,Five
205,265,437,500,252,191,157,101,150,111,235,74,164,156,Five
201,258,433,494,245,182,153,98,148,111,236,76,160,149,Five
191,247,437,500,247,187,156,101,149,110,253,60,146,140,Five
200,255,440,503,243,183,157,101,153,115,248,72,154,143,Five
206,266,442,505,252,189,166,108,161,123,240,76,157,145,Five
207,262,439,501,249,183,155,98,147,107,239,78,163,156,Five
200,261,438,501,252,188,158,102,150,111,240,73,159,153,Five
204,261,442,506,246,181,157,101,149,112,244,79,160,151,Five
200,259,439,501,259,193,162,103,156,115,242,66,156,147,Five
194,255,438,500,275,214,160,101,151,110,245,40,154,147,Five
185,250,427,486,275,213,160,99,161,118,235,37,151,135,Five
185,253,424,483,268,207,151,92,153,111,230,45,160,144,Five
178,246,417,474,260,196,154,95,156,116,228,49,150,134,Five
178,245,418,479,253,185,156,95,157,115,233,60,149,133,Five
177,239,431,490,253,189,155,96,157,115,250,50,143,127,Five
188,255,441,504,256,191,158,99,157,114,249,64,155,144,Five
179,241,469,537,253,185,149,89,154,112,296,56,151,134,Five
188,249,497,571,250,180,147,83,150,103,322,68,165,149,Five
185,247,515,592,232,161,144,86,152,112,345,86,160,141,Five
193,251,557,643,248,170,147,83,152,108,393,81,167,148,Five
203,263,581,667,244,168,157,99,158,118,405,94,164,151,Five
212,269,615,705,249,167,169,105,161,115,436,102,163,160,Five
222,286,639,733,256,178,171,114,167,129,447,108,172,164,Five
231,293,654,749,264,181,181,121,178,137,457,112,172,162,Five
244,309,667,762,286,206,184,126,170,130,454,103,183,182,Five
251,318,672,766,282,199,185,126,175,136,449,119,191,186,Five
245,312,671,763,288,202,185,125,164,123,452,110,187,192,Five
245,317,657,746,267,188,172,119,154,122,430,129,197,200,Five
248,316,642,728,274,194,181,123,170,134,413,121,192,186,Five
250,315,615,696,271,195,182,131,148,118,382,120,183,201,Five
245,304,586,660,299,231,181,126,153,119,357,72,178,187,Five
188,241,461,529,248,178,146,81,134,89,289,62,159,155,Five
211,270,503,567,256,188,169,110,162,122,298,81,160,151,Five
211,272,479,543,246,183,167,112,164,126,272,88,160,149,Five
198,250,443,503,246,180,164,112,160,125,253,70,138,128,Five
201,254,435,496,248,186,165,107,159,119,242,67,146,137,Five
196,255,417,475,247,186,160,103,162,123,220,68,151,134,Five
192,247,408,468,246,188,155,99,158,120,220,58,148,129,Five
195,254,399,458,237,177,153,97,152,112,204,76,157,144,Five
190,249,390,449,232,177,144,88,141,102,200,72,160,148,Five
184,240,392,451,241,186,146,90,153,112,211,53,149,130,Five
182,238,390,448,239,184,137,81,134,93,210,53,156,146,Five
182,239,396,455,241,185,144,87,146,106,216,53,151,135,Five
179,236,397,456,237,180,141,86,143,105,220,56,150,134,Five
185,242,396,457,244,192,144,89,145,105,215,49,152,139,Five
178,230,396,456,241,190,144,89,148,109,226,40,141,124,Five
182,237,399,458,244,193,147,93,148,110,221,43,144,129,Five
185,239,401,456,255,204,156,103,153,116,218,34,135,126,Five
185,234,400,454,275,234,157,103,157,118,220,5,130,119,Five
196,251,411,469,259,211,157,105,146,105,218,39,145,148,Five
206,262,413,471,284,256,162,111,153,113,209,7,150,151,Five
208,267,421,475,282,251,160,110,147,106,209,17,156,162,Five
214,272,427,478,268,227,162,110,147,107,206,45,162,167,Five
223,284,431,481,299,276,155,107,136,96,197,9,177,189,Five
229,286,433,483,264,226,156,111,133,98,197,60,175,188,Five
231,290,428,477,271,232,163,117,141,105,187,58,173,186,Five
232,288,431,481,284,254,158,119,130,99,193,34,169,189,Five
230,290,432,482,258,214,160,118,136,102,192,76,172,189,Five
205,254,327,379,279,294,135,82,112,71,125,42,172,185,Five
226,282,435,489,280,243,157,110,133,99,207,39,172,183,Five
235,300,438,494,279,240,167,121,145,109,194,60,179,191,Five
224,277,435,494,299,266,164,111,147,105,216,12,166,173,Five
210,271,439,499,284,245,161,112,144,105,228,25,158,166,Five
215,283,439,499,276,235,164,120,144,110,216,48,162,173,Five
205,264,434,494,280,233,165,114,143,103,230,31,149,161,Five
199,257,433,490,272,222,167,117,145,106,233,35,139,151,Five
203,264,428,487,283,235,169,120,145,107,223,29,144,157,Five
205,263,422,480,271,216,168,117,147,107,216,47,146,156,Five
201,257,421,477,274,216,167,116,139,102,221,41,140,155,Five
197,254,416,473,294,247,163,110,139,99,218,7,144,156,Five
204,267,419,475,274,221,167,117,141,101,209,46,149,167,Five
213,276,426,483,282,234,166,118,130,92,209,42,157,184,Five
198,259,419,474,283,234,163,116,136,100,216,25,142,159,Five
198,253,434,494,265,215,158,111,130,95,240,39,142,159,Five
199,256,438,498,273,225,160,113,130,93,242,30,142,163,Five
201,259,441,501,252,196,169,120,150,108,242,63,139,151,Five
204,260,444,502,274,229,168,119,151,111,242,31,140,149,Five
195,247,445,505,247,194,154,108,127,93,257,54,139,155,Five
201,252,451,510,273,225,165,116,138,98,258,28,137,154,Five
195,247,450,510,271,223,168,119,142,104,263,24,127,143,Five
201,256,455,517,274,229,169,119,148,108,261,27,137,148,Five
198,258,455,517,248,193,166,117,145,109,258,65,140,150,Five
195,255,438,501,242,182,169,115,170,130,245,73,140,128,Five
192,253,438,503,209,147,172,120,180,139,249,106,132,117,Five
192,253,443,509,205,140,175,118,190,145,255,113,134,112,Five
197,264,445,508,200,144,166,122,174,136,244,120,141,131,Five
183,244,449,514,202,142,164,115,167,129,270,102,128,117,Five
182,244,453,520,204,144,169,117,170,129,275,100,126,117,Five
174,228,452,515,207,149,161,114,160,122,287,79,113,109,Five
176,235,454,521,197,137,165,115,170,131,286,98,119,106,Five
182,241,458,520,215,160,169,121,165,127,278,82,120,117,Five
188,248,458,522,207,149,162,114,159,122,274,99,133,128,Five
189,250,460,525,207,143,168,117,163,122,275,107,133,130,Five
187,239,462,526,246,189,167,116,162,122,286,50,123,119,Five
182,234,458,520,245,191,165,114,166,127,286,43,119,110,Five
189,242,432,490,209,151,175,124,169,132,248,91,117,113,Five
185,243,411,470,197,139,158,108,158,123,227,104,134,122,Five
151,197,390,444,191,135,144,95,149,114,248,62,102,87,Five
132,180,377,431,170,119,130,85,136,104,253,61,94,80,Five
144,189,360,411,175,124,139,94,145,113,223,64,94,80,Five
139,189,351,401,190,142,131,86,136,103,213,46,102,89,Five
142,193,342,391,177,127,134,91,137,105,198,66,102,92,Five
143,190,340,388,177,131,139,97,138,107,198,59,93,86,Five
161,214,237,184,279,231,177,100,149,91,32,25,114,127,One
172,226,442,500,258,179,171,97,150,95,276,47,129,139,One
173,228,516,589,253,177,163,101,139,97,365,50,126,137,One
180,241,577,665,261,184,172,105,159,110,428,57,136,140,One
206,253,601,684,284,206,190,122,177,128,434,47,132,136,One
209,263,598,680,283,205,187,123,174,131,420,57,140,139,One
203,253,602,682,280,203,180,119,165,124,433,50,134,135,One
208,260,604,685,285,208,178,117,162,121,429,52,143,146,One
206,254,604,685,280,201,182,119,167,125,435,53,135,137,One
207,254,603,683,275,201,179,121,163,123,433,52,133,137,One
201,246,601,682,276,191,187,117,179,133,440,55,130,127,One
207,259,604,684,285,205,185,120,170,125,428,54,139,140,One
204,251,601,681,273,196,182,122,167,128,434,56,129,133,One
207,251,598,679,287,207,186,120,175,129,431,44,132,131,One
203,258,598,678,276,198,185,122,165,125,424,59,136,140,One
219,265,596,674,284,203,188,121,169,127,412,62,144,147,One
250,288,606,685,321,244,196,134,162,125,399,43,153,168,One
270,303,617,704,370,291,230,154,219,170,401,12,149,138,One
273,313,635,720,363,284,240,166,224,170,407,30,147,147,One
278,319,638,725,419,370,243,172,226,172,406,51,147,150,One
260,305,538,619,414,394,221,146,189,132,314,89,159,177,One
296,352,677,765,422,348,255,184,219,166,413,4,168,188,One
262,320,465,531,430,471,211,138,176,121,211,153,182,203,One
271,324,567,644,378,312,224,137,189,125,320,13,187,204,One
306,373,716,802,414,333,264,193,226,171,429,40,180,203,One
269,318,515,590,398,371,213,128,182,120,272,55,190,203,One
302,363,718,807,420,341,265,193,219,167,444,22,170,197,One
264,310,492,564,350,310,198,116,174,116,254,10,194,197,One
279,330,586,666,371,295,217,134,181,120,336,35,196,214,One
301,364,722,811,413,334,258,190,215,163,447,30,174,202,One
275,332,548,627,427,401,223,140,185,123,295,72,192,213,One
307,374,725,816,403,324,255,190,223,171,442,50,184,205,One
262,316,521,598,425,420,211,130,176,117,282,106,186,202,One
254,301,605,690,385,311,221,142,190,132,389,12,159,175,One
271,338,716,811,392,314,248,184,218,165,474,25,154,176,One
224,259,373,411,232,173,194,140,183,143,152,86,120,122,One
249,295,399,441,229,153,207,140,192,142,149,142,155,157,One
229,279,441,494,256,175,190,107,176,114,216,104,172,170,One
234,291,533,613,310,234,201,115,184,118,323,57,176,179,One
265,333,734,830,413,328,255,184,216,161,498,9,149,174,One
233,279,439,499,433,467,216,133,192,136,220,188,146,150,One
253,298,509,586,318,270,208,132,185,127,289,28,166,175,One
252,297,571,648,404,349,228,147,205,145,351,52,150,156,One
274,335,698,794,399,315,257,182,230,174,458,20,153,163,One
208,242,490,564,378,359,211,144,178,128,322,118,99,122,One
267,325,677,770,403,318,257,176,234,177,445,7,149,151,One
253,305,673,767,384,308,258,174,241,180,462,3,130,128,One
271,305,681,777,409,319,264,175,265,204,473,15,129,109,One
267,311,684,778,387,301,257,176,247,194,468,10,135,125,One
258,299,671,763,378,290,245,169,240,195,467,10,130,113,One
264,304,667,758,380,301,234,160,221,173,456,3,144,137,One
258,294,662,753,312,222,233,167,226,182,463,71,127,121,One
241,286,656,746,316,230,227,162,209,165,464,56,126,129,One
242,289,647,734,292,206,229,166,214,172,451,82,123,124,One
232,282,647,732,300,216,220,163,208,174,458,65,121,121,One
223,284,648,735,302,224,228,177,205,176,460,60,111,123,One
225,289,644,727,304,221,226,175,190,163,449,68,117,138,One
219,281,644,724,301,223,221,174,193,163,455,59,111,131,One
210,283,631,709,303,219,212,162,183,158,440,64,123,136,One
209,284,636,716,299,223,210,164,185,162,447,61,123,136,One
197,265,634,713,307,226,211,160,186,157,465,42,109,122,One
205,279,633,714,299,223,206,161,180,157,450,57,121,133,One
208,277,629,708,294,217,201,154,180,155,447,60,125,133,One
216,288,634,713,296,215,203,152,178,148,441,72,136,147,One
218,287,631,710,290,213,201,155,177,154,438,74,133,142,One
212,280,633,712,297,213,203,150,180,152,448,67,131,137,One
223,284,635,715,292,215,204,155,180,152,446,70,131,140,One
219,289,638,718,304,221,207,157,176,148,445,68,133,148,One
217,280,634,713,297,217,202,155,173,144,450,64,127,144,One
218,286,630,707,284,205,201,152,171,141,437,80,135,151,One
218,280,632,710,296,219,208,161,176,146,447,62,121,139,One
224,282,633,710,305,229,210,162,177,146,444,55,122,142,One
223,280,632,709,295,220,206,162,178,152,446,61,120,136,One
221,274,636,714,304,228,209,161,183,153,457,48,115,128,One
215,279,633,713,302,227,211,166,180,153,451,54,115,134,One
220,286,635,715,298,223,210,163,179,150,447,64,125,143,One
223,291,637,713,308,232,209,163,179,153,438,60,129,144,One
218,283,636,712,305,227,208,161,175,146,446,57,124,142,One
224,289,629,705,306,229,212,164,178,151,432,60,127,144,One
227,297,630,705,303,225,206,161,175,150,423,72,136,153,One
231,304,628,704,299,227,211,169,176,151,416,76,135,157,One
233,303,636,712,297,221,217,171,182,152,426,81,132,154,One
244,320,631,710,303,236,221,184,182,160,405,84,137,164,One
233,310,631,709,298,230,216,175,177,151,415,81,136,163,One
233,305,630,705,297,231,211,169,176,151,416,75,136,158,One
230,306,630,707,304,233,220,176,180,151,418,74,132,159,One
231,304,633,713,300,233,212,173,172,150,427,72,132,159,One
236,310,637,715,307,241,221,182,178,153,421,70,130,161,One
235,310,632,710,302,234,218,176,178,152,418,77,135,161,One
225,298,635,713,296,225,216,171,179,149,431,74,128,153,One
235,303,639,718,302,237,219,177,181,153,431,67,127,154,One
238,305,639,718,300,233,219,173,181,147,428,72,133,161,One
239,308,639,717,304,235,226,182,187,158,424,74,128,155,One
245,312,640,718,295,226,221,173,186,153,419,86,139,161,One
245,321,641,721,313,241,229,182,187,155,414,80,140,168,One
242,313,642,721,290,221,214,170,181,152,421,91,143,165,One
243,313,648,727,303,228,224,177,187,159,427,85,137,158,One
253,320,645,726,300,229,226,182,193,168,417,91,139,156,One
248,310,647,727,312,237,230,180,197,170,430,74,133,147,One
252,313,642,724,309,228,233,179,204,170,422,85,137,152,One
247,306,637,723,295,216,225,169,207,170,424,89,138,144,One
258,300,639,725,294,210,218,154,214,170,427,90,146,135,One
260,302,640,728,332,245,229,160,221,173,428,57,142,136,One
249,295,626,712,341,253,220,144,216,167,417,41,151,135,One
242,294,624,712,353,268,216,137,207,151,418,26,156,149,One
247,308,633,719,338,246,217,136,203,144,411,61,172,168,One
257,314,648,737,332,241,221,145,201,147,423,72,169,171,One
256,321,651,739,342,248,227,147,210,154,417,72,173,172,One
256,314,648,739,363,276,232,152,225,167,425,38,161,152,One
250,318,651,741,359,267,231,149,217,158,423,50,168,164,One
258,320,652,744,358,266,234,154,228,173,424,53,165,152,One
255,326,655,750,398,312,235,150,222,158,423,14,176,172,One
252,324,660,755,369,281,233,153,221,163,431,42,170,165,One
248,316,662,756,357,268,234,160,219,168,439,48,156,152,One
250,321,660,753,360,270,232,158,216,165,431,50,163,160,One
254,324,656,745,353,265,223,153,210,164,420,59,171,165,One
247,314,652,741,357,270,223,149,213,163,426,44,165,155,One
249,315,647,735,339,252,217,147,202,156,419,63,168,164,One
253,314,639,722,333,248,207,139,194,153,407,66,174,165,One
247,310,632,716,330,244,202,132,194,150,406,66,177,164,One
243,307,619,702,309,223,197,128,192,148,395,83,178,164,One
239,300,616,700,325,241,203,132,189,142,400,58,168,162,One
239,302,615,699,319,231,205,131,192,141,397,70,171,165,One
233,292,612,697,321,238,202,129,193,142,404,54,163,155,One
232,291,613,697,314,227,199,127,185,137,405,64,164,159,One
228,287,606,690,300,213,202,133,182,135,403,73,154,158,One
217,279,602,686,321,236,200,128,185,137,408,44,151,150,One
209,282,591,675,298,210,197,126,186,140,394,72,156,148,One
210,272,588,671,320,234,206,130,201,147,399,38,142,132,One
201,264,562,639,307,221,205,134,207,159,376,42,129,112,One
175,251,518,587,270,186,181,118,190,149,338,65,133,114,One
167,242,493,561,283,205,181,117,190,142,322,37,124,110,One
161,231,479,547,265,187,177,111,192,144,317,44,120,100,One
147,217,443,506,258,176,170,103,187,137,290,41,114,95,One
141,207,425,484,239,162,161,96,190,138,279,44,111,86,One
134,199,403,459,231,154,159,94,189,139,262,44,104,80,One
126,188,376,428,230,162,148,90,178,134,242,25,97,78,One
121,174,363,415,209,142,145,84,179,127,244,31,90,76,One
117,162,333,382,211,149,139,80,179,131,224,17,83,74,One
117,160,315,362,181,122,129,74,166,119,204,38,86,76,One
117,153,296,339,179,123,126,72,173,125,189,30,82,78,One
118,149,290,330,169,114,127,72,175,127,184,35,78,79,One
117,151,285,328,178,123,129,74,175,125,179,27,78,77,One
119,153,283,324,173,117,130,74,174,124,174,35,79,77,One
121,147,282,325,163,111,121,69,162,115,184,36,78,79,One
117,152,285,328,164,109,128,77,163,119,183,42,78,84,One
118,161,283,330,184,125,132,76,165,112,174,36,86,86,One
117,159,285,331,179,118,131,75,158,109,178,41,84,82,One
121,154,286,334,171,113,128,74,155,108,192,41,81,86,One
121,173,304,352,186,120,136,78,162,113,186,53,95,89,One
120,173,322,372,188,124,138,80,159,110,208,48,93,87,One
124,189,343,397,205,137,147,85,162,111,216,51,103,94,One
137,215,372,431,218,146,154,87,168,114,221,69,128,111,One
133,205,389,450,227,154,157,91,173,120,253,51,114,97,One
141,218,414,477,233,157,163,95,176,121,266,60,122,107,One
148,227,441,508,244,161,174,101,180,121,286,67,126,114,One
154,233,462,532,245,164,171,100,176,120,304,68,132,119,One
166,246,483,557,260,178,182,110,188,135,316,67,136,121,One
174,252,499,574,268,187,191,118,199,145,326,65,133,116,One
186,261,519,596,271,189,192,121,196,144,338,72,140,124,One
203,276,545,617,303,229,204,136,198,145,344,46,140,136,One
230,299,587,665,321,240,216,143,207,150,367,59,156,153,One
234,296,601,682,332,251,214,143,201,148,388,44,153,152,One
261,319,630,716,330,243,227,155,213,160,398,76,164,164,One
244,297,635,720,332,237,218,149,195,151,426,59,148,152,One
246,296,628,712,341,257,214,146,194,150,419,39,150,152,One
258,310,620,703,331,244,226,157,204,159,394,66,153,156,One
249,299,612,692,348,268,204,136,186,141,395,31,162,163,One
248,302,609,688,333,245,210,140,191,144,387,57,161,162,One
251,301,608,687,326,244,206,136,193,149,387,57,164,156,One
245,300,601,679,313,234,202,133,188,144,381,65,166,160,One
242,300,594,670,322,239,206,134,190,142,372,60,166,161,One
236,301,580,653,313,234,201,135,184,142,354,67,166,162,One
238,297,574,647,316,237,202,133,185,140,352,59,163,160,One
234,297,574,649,313,233,201,133,182,136,354,64,164,164,One
225,292,574,647,303,222,194,126,182,138,357,70,165,158,One
232,296,576,648,307,226,199,132,187,144,353,70,164,156,One
229,291,577,650,305,224,195,128,179,135,361,67,163,159,One
232,292,573,646,303,222,196,128,182,138,355,69,164,157,One
234,292,574,648,306,225,198,129,186,139,358,66,162,155,One
231,296,573,646,309,230,199,130,187,140,352,65,165,158,One
233,291,570,644,315,235,197,127,184,135,354,56,164,159,One
226,289,570,642,307,227,199,132,182,137,355,62,157,155,One
230,290,570,644,301,223,193,128,179,135,355,67,162,158,One
221,283,566,639,301,221,192,123,179,134,358,62,159,153,One
5,35,361,440,405,490,125,70,100,56,410,458,37,21,Two
20,51,423,511,482,568,163,107,52,19,461,517,56,64,Two
61,102,459,545,527,619,200,143,83,24,445,517,41,79,Two
109,155,519,606,582,674,256,194,137,81,451,519,39,74,Two
204,263,604,690,664,755,343,272,225,165,429,492,9,98,Two
176,227,513,585,561,627,364,322,212,147,359,400,95,80,Two
241,302,633,718,693,779,372,300,245,188,418,477,10,114,Two
245,308,635,721,698,788,385,314,256,199,414,480,11,109,Two
242,305,626,710,691,781,380,309,266,209,406,476,10,96,Two
229,298,609,691,677,764,376,310,249,191,394,466,14,107,Two
189,238,548,624,604,677,381,341,237,172,387,439,103,66,Two
217,276,581,659,649,734,356,289,253,202,383,458,12,76,Two
232,291,570,646,636,715,346,277,239,186,355,424,15,106,Two
183,235,467,532,528,593,330,280,237,181,297,358,45,56,Two
211,276,513,584,586,662,346,288,257,203,309,386,13,72,Two
210,275,507,575,577,650,338,280,252,196,300,376,5,78,Two
167,222,457,525,512,578,308,259,221,163,304,356,37,60,Two
205,267,497,565,562,631,330,273,241,189,299,364,7,78,Two
208,267,503,572,566,636,335,279,235,186,306,369,13,81,Two
213,272,505,574,568,637,321,262,235,183,304,365,14,89,Two
172,230,447,513,482,537,328,288,227,169,284,307,58,62,Two
218,282,515,584,578,646,347,294,255,206,305,364,13,76,Two
223,286,515,585,575,643,350,297,240,190,302,357,12,96,Two
223,284,519,586,577,642,351,301,230,180,305,358,18,104,Two
141,198,447,522,500,576,284,237,176,123,325,378,39,75,Two
229,288,522,592,576,643,354,303,238,186,307,355,17,102,Two
102,149,401,472,454,528,233,185,139,92,326,379,36,58,Two
219,282,522,594,574,639,370,322,257,206,316,357,40,76,Two
87,141,391,465,433,503,223,187,112,65,329,363,47,78,Two
235,296,533,602,581,647,362,314,262,212,311,351,20,84,Two
69,115,361,427,389,445,198,165,114,74,319,332,51,43,Two
91,145,411,488,453,530,213,168,128,78,347,385,23,69,Two
231,294,533,605,580,648,356,307,259,212,316,354,15,82,Two
119,170,395,459,420,478,235,192,144,93,293,309,23,77,Two
168,230,483,562,526,601,290,239,191,136,336,371,12,94,Two
235,296,537,612,586,651,357,305,246,200,321,355,14,96,Two
183,245,478,552,512,580,316,271,225,169,311,335,26,76,Two
231,292,536,609,583,649,364,316,256,208,321,357,24,84,Two
142,194,429,497,458,519,288,260,185,139,306,325,66,55,Two
232,294,537,612,591,663,369,322,262,215,321,369,28,79,Two
247,311,537,611,592,663,377,336,265,219,302,352,25,92,Two
252,316,539,610,595,667,372,328,267,217,296,351,12,99,Two
243,307,537,609,591,666,367,319,274,225,303,359,12,82,Two
244,309,534,606,591,663,354,302,264,214,298,354,7,95,Two
246,310,539,611,600,674,361,306,270,217,302,364,5,93,Two
233,297,536,610,600,675,359,302,267,212,313,378,5,85,Two
249,314,543,616,607,683,368,311,279,224,302,369,3,90,Two
233,302,536,610,602,680,355,296,267,212,308,379,6,90,Two
233,299,543,616,610,688,358,296,277,220,316,390,3,79,Two
215,274,536,610,605,683,356,295,271,214,335,410,21,61,Two
224,287,541,613,611,687,353,292,274,216,326,401,5,71,Two
215,271,545,619,614,697,345,281,264,209,347,427,10,63,Two
221,280,548,619,619,696,348,281,268,210,338,418,3,70,Two
210,270,542,615,616,697,346,279,258,201,345,429,9,69,Two
168,233,507,583,568,645,318,268,223,163,349,414,36,70,Two
217,282,550,622,626,712,335,266,270,212,340,434,17,70,Two
156,222,473,543,540,619,292,232,205,150,320,400,17,73,Two
217,282,544,616,626,710,353,287,274,218,335,432,10,64,Two
212,273,549,620,631,715,335,267,264,206,348,447,9,67,Two
212,275,549,620,632,714,327,253,249,189,346,444,22,85,Two
210,276,545,617,634,718,329,256,237,180,341,447,19,96,Two
215,285,541,613,637,723,322,245,236,176,328,443,40,108,Two
148,217,489,562,562,642,277,205,194,132,344,429,17,86,Two
212,283,545,615,651,738,322,237,227,167,332,459,45,116,Two
220,293,549,622,651,737,324,241,237,176,329,448,51,116,Two
214,286,557,631,654,742,323,244,245,190,345,461,42,96,Two
223,293,569,643,661,752,333,253,246,190,350,462,40,103,Two
220,291,567,641,657,746,340,260,241,181,350,459,30,110,Two
217,288,572,648,658,748,331,254,249,193,360,465,34,95,Two
223,293,580,656,661,751,332,255,248,191,363,463,37,102,Two
217,283,584,659,660,749,321,244,231,178,377,470,38,105,Two
236,301,600,678,674,768,345,272,244,190,378,473,28,110,Two
243,302,604,680,678,768,353,278,233,177,379,472,24,124,Two
253,326,615,690,686,775,367,297,250,194,365,455,30,132,Two
253,321,619,694,690,780,349,272,243,184,375,466,49,136,Two
202,276,575,652,638,720,318,252,223,166,377,449,27,109,Two
235,307,617,694,695,786,354,280,246,194,391,488,27,112,Two
203,283,582,662,623,703,315,245,230,169,381,426,38,113,Two
245,313,617,693,692,784,341,266,240,184,383,479,46,129,Two
200,270,572,654,632,718,293,221,204,146,386,454,49,123,Two
259,322,627,710,693,788,350,287,264,218,389,471,34,103,Two
197,253,528,603,574,640,340,290,247,202,351,391,40,55,Two
241,259,646,726,707,805,428,380,316,276,502,594,179,112,Two
190,233,425,477,417,454,318,297,275,260,255,237,94,92,Two
296,349,661,747,708,799,438,398,309,261,398,450,49,88,Two
257,316,417,453,401,426,298,273,249,228,137,111,49,96,Two
281,336,680,768,716,805,439,394,307,256,433,469,59,80,Two
265,309,379,404,380,418,293,275,254,241,99,109,34,70,Two
260,307,457,514,324,297,253,227,218,196,217,30,81,111,Two
245,299,555,625,566,633,286,229,221,168,334,336,70,131,Two
262,321,683,774,713,801,404,336,297,239,458,481,17,82,Two
137,194,560,653,567,652,220,146,152,91,467,462,49,104,Two
262,316,677,766,702,783,404,339,290,235,456,469,28,81,Two
117,169,528,617,555,643,220,151,148,93,459,479,21,78,Two
267,322,660,744,688,768,394,331,285,231,429,448,20,91,Two
206,268,591,677,593,674,273,198,209,146,416,408,70,122,Two
267,326,658,743,683,765,381,318,288,235,423,441,18,90,Two
226,290,551,620,543,599,288,224,237,184,338,311,66,106,Two
281,337,655,738,678,755,390,330,293,244,408,421,19,92,Two
160,214,522,604,535,602,255,190,173,121,396,390,25,94,Two
261,322,641,725,670,747,372,307,288,237,409,426,19,85,Two
187,237,504,577,515,584,241,183,174,132,349,349,55,105,Two
265,320,643,722,680,760,373,312,281,228,409,441,19,92,Two
267,325,630,712,674,750,408,361,277,222,392,425,36,103,Two
268,330,630,710,679,756,389,330,284,231,385,426,12,99,Two
268,326,628,707,680,760,398,343,288,234,387,434,20,92,Two
252,312,613,695,674,754,418,372,274,220,387,442,60,92,Two
237,300,610,691,674,757,402,351,271,219,394,457,51,81,Two
256,324,603,681,671,750,410,366,278,226,361,426,42,98,Two
247,316,604,684,674,757,404,352,282,232,371,441,36,84,Two
185,246,508,586,558,635,338,312,227,173,342,389,66,74,Two
259,328,604,682,678,760,382,316,272,217,355,432,12,111,Two
244,307,601,682,669,752,384,315,284,225,374,445,8,83,Two
238,302,598,679,666,751,372,303,271,212,376,449,1,91,Two
228,292,590,669,660,742,372,303,268,215,377,451,11,77,Two
223,287,580,658,649,732,365,296,263,208,371,446,9,79,Two
228,293,585,662,654,736,369,298,265,206,369,444,5,87,Two
231,290,582,661,655,740,376,307,269,212,371,451,17,78,Two
234,296,577,655,647,731,366,296,268,213,359,436,2,83,Two
171,235,530,605,592,672,316,261,222,165,371,438,27,70,Two
218,275,538,610,609,687,348,284,253,205,334,413,9,70,Two
224,286,531,602,604,683,351,289,249,201,315,398,4,85,Two
222,284,526,596,593,671,335,275,243,195,311,388,9,89,Two
164,218,465,534,526,600,284,235,214,166,315,383,17,53,Two
214,270,486,552,553,624,329,273,242,196,282,355,5,74,Two
206,264,465,529,532,598,324,273,231,187,264,335,10,77,Two
198,253,443,501,505,566,319,270,237,194,248,314,18,59,Two
182,237,425,482,490,550,291,243,214,169,245,313,6,67,Two
178,231,414,472,479,539,287,238,209,162,241,308,7,68,Two
190,245,415,471,479,536,298,252,220,177,227,292,7,67,Two
197,256,409,463,470,525,287,239,215,172,209,269,17,84,Two
190,248,407,461,460,514,290,244,222,178,214,267,4,70,Two
196,247,397,448,454,504,281,235,206,163,203,257,12,84,Two
192,248,396,449,443,493,279,233,214,171,201,245,15,77,Two
193,243,389,440,437,486,270,225,204,162,199,243,18,81,Two
188,239,389,441,433,482,274,229,213,170,203,243,10,70,Two
199,252,388,441,431,480,272,228,209,169,191,228,24,83,Two
196,251,383,435,426,474,273,234,204,164,186,223,17,87,Two
193,245,378,431,420,468,280,245,213,176,187,223,3,70,Two
193,243,375,425,417,465,262,219,199,161,184,222,24,82,Two
194,246,375,426,413,459,267,229,206,166,181,213,17,80,Two
194,245,372,422,413,458,268,232,201,162,179,213,13,83,Two
196,250,371,420,410,456,272,243,195,159,173,206,7,91,Two
199,247,372,421,407,451,265,229,202,165,176,204,18,82,Two
196,244,367,416,403,447,266,235,197,160,174,203,9,84,Two
192,242,366,417,400,447,265,237,200,164,178,205,5,78,Two
197,248,370,422,402,449,265,239,197,163,177,201,9,85,Two
190,236,369,420,401,447,268,246,199,166,187,211,10,70,Two
186,237,374,426,402,448,278,257,201,167,192,211,20,70,Two
204,255,373,422,398,440,240,205,184,148,173,185,50,107,Two
197,245,381,431,404,448,271,249,207,180,191,203,5,65,Two
198,246,388,440,409,456,253,217,208,176,198,210,29,70,Two
193,240,382,434,403,449,254,219,217,185,199,209,21,55,Two
197,242,388,439,405,449,251,215,202,168,201,207,27,74,Two
201,252,387,436,402,444,258,229,218,190,189,192,23,62,Two
200,249,387,439,404,447,246,208,211,181,195,198,41,68,Two
201,255,386,436,400,443,239,199,202,166,186,188,56,89,Two
198,243,378,426,389,434,238,206,211,183,189,191,37,60,Two
197,248,376,423,384,425,240,213,214,191,181,177,35,57,Two
204,249,381,429,388,432,229,195,214,192,186,183,54,57,Two
210,249,381,428,386,429,231,196,210,183,185,180,53,66,Two
216,256,387,435,390,436,226,188,200,169,185,180,68,87,Two
209,255,385,433,394,440,226,194,202,178,184,185,61,77,Two
213,255,385,434,395,440,228,187,202,174,185,185,68,81,Two
214,260,388,437,400,445,227,187,186,152,183,185,73,108,Two
212,257,387,435,404,449,229,192,189,155,183,192,65,102,Two
216,263,394,442,412,457,256,223,206,176,184,194,40,87,Two
214,259,397,448,420,466,292,269,221,190,193,207,10,69,Two
224,273,403,455,425,471,295,279,213,183,187,198,9,90,Two
218,262,404,456,432,480,295,274,216,183,197,218,12,79,Two
202,249,400,452,431,475,313,304,214,183,205,226,55,66,Two
228,278,407,461,439,488,300,276,211,177,186,210,2,101,Two
231,278,408,460,436,482,291,261,218,181,185,204,17,97,Two
224,268,409,461,445,491,318,293,235,202,194,223,25,66,Two
224,273,414,466,446,493,315,283,233,196,194,220,10,77,Two
236,287,421,474,455,507,307,269,242,204,189,220,18,83,Two
230,279,418,470,455,504,311,278,231,193,194,225,2,86,Two
222,275,427,483,469,521,315,276,222,177,210,246,4,98,Two
229,283,439,498,476,533,311,274,225,181,217,250,9,102,Two
224,278,444,504,481,537,311,271,223,180,228,259,7,98,Two
48,49,478,583,522,638,502,617,424,510,567,625,606,504,Three
59,87,545,656,600,713,524,624,362,395,569,626,537,308,Three
82,121,564,675,650,766,556,659,289,273,557,646,539,153,Three
181,218,682,793,764,878,639,746,295,230,580,661,528,15,Three
236,282,738,849,811,926,710,829,368,292,573,645,547,11,Three
42,78,531,638,621,738,506,591,262,236,562,661,514,159,Three
161,200,657,768,740,853,614,719,270,212,573,654,519,17,Three
290,345,764,874,835,947,741,864,361,284,535,603,519,61,Three
71,110,564,672,628,735,518,617,215,176,566,626,507,65,Three
169,205,668,781,751,864,625,729,272,214,581,660,524,15,Three
272,321,754,864,831,943,736,856,372,294,549,623,535,27,Three
36,24,461,569,542,653,522,630,446,513,586,670,647,530,Three
89,118,581,687,652,756,540,631,243,198,573,639,513,80,Three
272,326,746,853,822,931,723,839,353,279,532,606,513,46,Three
43,46,469,569,517,621,500,609,429,507,545,599,589,491,Three
48,84,487,580,551,658,502,580,476,546,506,585,508,478,Three
120,154,591,681,660,764,561,654,318,304,530,610,500,149,Three
272,324,702,806,782,884,707,818,348,279,486,560,494,45,Three
202,251,634,737,697,796,613,712,321,266,490,545,461,21,Three
259,317,659,754,736,831,671,772,338,275,442,514,455,42,Three
128,177,498,581,548,626,486,555,248,206,408,449,378,33,Three
234,290,608,698,674,764,611,706,303,234,412,474,416,56,Three
124,166,473,552,531,609,477,546,244,198,390,443,380,34,Three
217,270,561,646,626,711,575,663,276,217,379,441,393,53,Three
120,162,445,521,497,573,438,506,221,179,363,411,344,17,Three
212,264,529,609,593,672,546,630,275,212,348,408,366,52,Three
143,179,463,539,522,594,459,530,230,183,364,415,351,8,Three
199,251,503,579,568,644,521,602,267,208,331,393,351,43,Three
140,186,438,512,489,561,440,510,213,168,330,375,324,19,Three
200,248,504,578,560,633,515,594,271,215,333,385,346,33,Three
143,187,432,503,481,552,437,510,225,181,320,365,323,10,Three
200,245,487,559,544,616,498,574,277,219,317,371,329,26,Three
124,167,419,488,470,538,419,485,217,176,325,371,318,14,Three
200,247,472,541,531,601,488,562,262,208,298,354,315,39,Three
154,198,407,470,453,515,418,483,229,187,277,317,285,13,Three
204,256,473,541,521,586,482,555,258,206,289,331,299,50,Three
191,239,463,530,512,578,471,542,260,210,295,340,303,29,Three
194,243,465,531,513,577,474,546,265,216,292,335,303,27,Three
165,205,397,456,444,505,415,476,228,190,257,301,271,17,Three
192,237,457,522,498,560,456,526,253,205,289,324,289,32,Three
184,228,453,520,493,557,454,527,251,203,296,330,299,25,Three
139,179,383,443,420,477,385,442,202,165,268,298,263,16,Three
192,233,453,518,492,554,454,524,260,215,290,323,291,18,Three
84,114,338,391,372,428,334,383,171,143,283,316,270,30,Three
189,233,453,519,484,544,451,522,249,204,292,313,289,29,Three
127,159,355,408,394,450,360,416,179,149,257,293,258,12,Three
191,224,451,514,485,547,449,524,252,206,296,326,300,18,Three
128,159,375,431,405,462,376,431,202,167,277,305,272,11,Three
181,219,452,516,487,552,447,522,248,203,303,335,303,17,Three
145,180,396,457,429,488,393,450,213,177,282,309,270,10,Three
202,240,449,514,485,547,452,531,244,199,283,311,291,42,Three
145,186,369,423,405,459,386,444,208,177,244,276,258,11,Three
187,224,448,514,484,548,449,526,247,202,297,327,302,22,Three
116,155,367,426,407,467,371,431,186,153,277,314,276,8,Three
194,230,441,506,477,538,444,522,235,187,284,312,292,44,Three
136,172,368,421,401,458,377,437,198,169,258,289,266,5,Three
198,242,443,505,477,537,446,521,242,196,274,300,280,46,Three
61,99,315,379,363,426,297,339,138,106,291,337,246,9,Three
108,146,358,426,388,448,360,419,217,205,287,310,279,63,Three
192,232,452,516,480,540,442,518,251,207,293,312,287,25,Three
122,160,354,408,378,432,340,393,172,138,256,275,234,22,Three
192,233,447,512,475,535,438,513,246,202,290,307,281,31,Three
95,138,324,382,359,421,266,284,150,124,254,287,147,15,Three
114,151,362,420,395,451,344,402,172,139,282,308,255,13,Three
199,240,450,513,472,529,437,512,242,198,284,294,273,43,Three
147,190,351,401,382,436,360,415,192,162,218,248,225,29,Three
197,237,440,500,462,517,427,499,239,195,273,285,263,42,Three
86,123,327,386,364,421,309,354,150,118,272,304,234,8,Three
190,230,436,497,457,512,426,499,238,193,276,287,270,37,Three
117,150,339,395,366,418,329,379,164,127,252,272,230,23,Three
193,237,433,494,453,507,426,498,241,196,267,275,262,41,Three
109,147,335,395,351,403,307,346,185,167,257,263,203,21,Three
190,235,435,496,454,509,423,495,244,203,269,278,260,32,Three
73,108,318,383,333,388,250,275,138,112,283,288,172,6,Three
91,120,339,395,361,412,322,378,166,135,286,299,262,16,Three
190,225,433,492,454,506,424,493,243,200,277,286,269,26,Three
93,135,327,383,362,421,317,367,163,136,259,292,234,3,Three
194,230,430,488,446,499,425,497,232,190,268,275,268,40,Three
132,173,363,420,389,445,354,407,196,164,254,275,235,10,Three
195,239,428,487,446,497,417,488,220,178,259,263,250,62,Three
114,155,341,397,369,427,333,385,179,152,251,277,232,3,Three
186,227,420,478,438,490,410,480,230,188,261,268,254,39,Three
127,164,336,392,364,417,341,395,176,154,236,257,232,10,Three
187,225,420,476,433,483,409,477,235,191,261,264,253,35,Three
125,160,344,399,373,426,338,392,178,143,248,271,234,17,Three
190,235,413,469,428,477,405,470,235,193,243,246,235,42,Three
130,170,325,374,355,406,330,382,181,154,211,238,212,17,Three
179,220,401,456,416,464,391,454,231,194,243,248,234,26,Three
127,163,321,372,348,400,328,381,175,151,217,241,219,12,Three
177,220,398,453,415,462,393,456,228,189,240,245,236,31,Three
117,152,321,371,343,391,311,361,155,124,227,243,210,28,Three
176,218,381,433,398,444,381,443,222,185,224,230,225,33,Three
96,130,300,355,312,359,288,334,165,153,231,236,208,26,Three
172,213,375,427,383,428,366,427,214,175,221,219,214,38,Three
167,212,367,417,374,419,362,421,220,186,213,211,209,26,Three
171,217,362,411,372,413,357,416,215,184,202,200,199,33,Three
107,141,287,335,315,360,293,337,169,145,199,221,196,7,Three
164,205,355,404,360,401,351,408,205,170,206,200,203,36,Three
168,206,354,402,357,397,344,399,204,172,204,195,193,34,Three
164,205,347,395,354,394,340,393,196,162,198,193,188,44,Three
154,194,340,389,345,382,334,387,195,162,203,192,193,32,Three
166,206,348,396,345,381,328,383,176,145,198,179,177,62,Three
160,199,349,397,351,389,335,388,199,164,204,193,189,35,Three
161,202,347,396,347,385,338,392,199,164,202,187,190,39,Three
160,196,343,392,347,385,334,388,195,161,203,192,192,36,Three
158,199,347,394,346,383,327,380,187,157,203,188,181,43,Three
156,199,337,384,337,377,328,383,194,165,192,182,184,34,Three
168,205,344,392,344,383,329,386,189,162,195,182,181,43,Three
164,201,343,390,342,380,329,383,192,161,197,183,182,41,Three
166,200,350,398,350,389,333,389,190,157,205,192,189,44,Three
164,199,345,391,347,385,331,385,197,170,200,190,186,30,Three
162,201,349,396,352,390,336,390,201,170,202,192,189,31,Three
167,210,349,396,351,390,338,391,206,177,193,183,181,33,Three
159,200,347,396,348,386,337,392,196,160,203,189,192,40,Three
160,199,347,394,348,386,334,388,195,161,201,190,189,38,Three
165,204,352,401,352,391,338,391,208,177,204,190,187,27,Three
169,205,352,398,351,391,335,390,194,161,200,189,185,45,Three
163,199,343,388,346,388,334,387,189,155,198,193,188,45,Three
164,202,341,388,342,381,326,380,199,171,193,182,178,31,Three
130,174,355,414,423,483,402,461,229,191,240,309,287,20,Three
173,229,403,461,473,531,447,511,252,197,234,302,282,34,Three
166,222,400,458,468,528,441,504,239,185,237,306,283,40,Three
160,215,396,455,468,528,440,500,243,191,240,313,286,28,Three
159,216,398,456,474,534,446,510,253,195,241,319,296,26,Three
109,156,348,402,409,467,346,378,229,199,246,312,223,47,Three
146,199,395,453,474,534,442,501,230,178,254,336,304,22,Three
126,178,363,421,436,498,406,461,240,208,243,321,285,35,Three
166,224,400,460,474,537,443,503,240,191,237,314,281,34,Three
175,231,402,461,475,537,448,508,254,208,230,306,278,23,Three
137,189,372,430,430,494,357,390,221,180,241,306,202,17,Three
192,249,412,470,473,529,449,511,268,227,222,281,263,25,Three
182,236,408,467,466,523,435,493,265,233,232,288,258,19,Three
182,237,404,464,459,516,440,501,248,203,228,280,265,38,Three
174,227,402,459,460,515,432,491,254,213,233,288,264,23,Three
184,236,402,461,454,508,434,494,247,197,227,272,258,42,Three
183,235,400,458,452,507,428,486,240,191,225,272,251,45,Three
185,235,400,457,450,504,429,486,241,193,224,269,251,42,Three
178,222,398,453,449,502,426,484,259,218,234,280,262,8,Three
133,173,342,397,398,452,379,428,238,202,224,279,255,34,Three
175,219,370,424,423,475,411,467,246,205,207,256,248,17,Three
147,185,341,392,391,442,374,423,233,199,209,257,238,17,Three
185,229,364,416,412,460,398,450,240,194,189,231,221,36,Three
176,224,363,415,412,459,403,457,244,198,193,235,233,28,Three
182,230,366,418,413,461,398,452,240,196,191,231,222,36,Three
179,230,362,413,410,457,397,450,251,214,187,227,220,18,Three
181,230,369,421,416,461,402,456,252,209,193,231,226,22,Three
177,225,368,419,416,462,404,459,246,202,197,237,234,24,Three
177,227,367,417,412,459,394,446,253,216,193,232,219,13,Three
176,225,369,419,415,461,403,459,240,194,197,236,234,31,Three
180,230,369,421,417,464,405,460,245,201,194,234,230,29,Three
180,225,378,431,427,475,413,470,256,212,208,250,245,15,Three
182,234,378,432,427,477,411,467,243,198,201,243,233,36,Three
181,231,394,450,441,492,422,480,241,186,221,261,249,45,Three
187,242,397,455,441,495,423,484,236,181,216,253,242,61,Three
185,231,406,464,452,505,430,492,249,198,236,274,261,33,Three
135,180,365,424,412,465,383,440,218,178,245,285,260,17,Three
192,243,423,483,466,519,440,503,261,208,244,276,260,35,Three
194,247,425,484,465,518,440,506,256,205,241,271,259,42,Three
125,160,383,445,428,486,395,457,212,166,287,326,297,18,Three
180,235,426,490,465,521,443,513,255,208,259,286,278,27,Three
92,124,349,410,402,462,363,424,186,147,289,339,300,27,Three
176,224,436,502,477,537,455,532,252,197,282,314,308,27,Three
34,56,303,364,363,427,311,366,136,100,310,372,310,43,Three
82,111,342,413,373,432,336,395,186,168,307,330,292,63,Three
87,117,351,415,392,449,353,415,192,160,302,335,298,42,Three
181,235,446,516,494,555,463,537,268,222,285,321,302,14,Three
92,127,352,425,394,462,358,425,182,143,301,338,299,16,Three
190,246,441,506,490,552,459,531,258,212,264,306,285,34,Three
106,140,369,430,424,488,385,449,206,173,292,349,309,38,Three
188,245,427,491,474,534,446,512,267,229,250,290,267,17,Three
189,241,424,486,469,529,440,509,255,211,248,288,268,30,Three
169,221,407,469,458,516,429,495,238,190,251,295,274,32,Three
134,172,366,427,419,478,390,450,204,158,259,307,278,16,Three
173,228,399,457,446,501,421,484,250,211,234,274,256,18,Three
177,229,401,460,447,503,422,487,246,201,235,274,258,28,Three
172,227,395,454,440,496,416,480,236,198,232,270,253,30,Three
173,223,401,461,445,500,421,487,235,189,242,278,264,34,Three
175,227,398,456,446,502,417,479,234,192,233,276,252,35,Three
174,225,399,456,447,502,420,481,245,202,234,278,256,24,Three
75,94,449,547,464,565,442,541,366,445,458,478,457,366,Four
65,100,480,588,506,608,465,569,343,394,488,508,469,294,Four
72,106,480,573,553,655,500,596,350,414,471,549,489,308,Four
70,102,497,593,579,681,517,616,358,420,496,580,514,318,Four
145,187,550,643,644,747,580,683,410,478,463,561,496,292,Four
231,284,635,731,723,828,667,769,498,566,453,545,485,286,Four
276,323,685,778,773,882,715,818,531,601,462,559,495,282,Four
302,346,702,795,788,895,734,836,551,621,455,549,490,280,Four
309,361,709,803,794,905,737,843,557,630,448,544,482,274,Four
322,369,714,805,801,911,747,853,564,635,443,542,484,271,Four
325,365,713,805,801,910,751,856,565,633,447,545,491,273,Four
325,371,717,812,804,915,746,850,563,634,447,544,479,268,Four
327,367,713,806,802,912,747,851,563,633,446,545,484,271,Four
327,373,706,798,790,899,739,842,566,637,431,526,469,269,Four
322,364,692,779,781,884,737,837,561,625,421,520,473,267,Four
310,364,659,744,752,855,708,811,541,607,387,492,447,248,Four
292,341,621,702,709,805,669,765,516,577,367,465,424,242,Four
281,329,598,674,683,772,645,735,494,555,350,444,406,231,Four
197,242,494,567,556,632,530,607,408,459,330,391,365,220,Four
261,306,526,593,594,671,565,640,448,501,293,365,334,199,Four
179,224,448,515,498,569,482,557,370,419,296,346,333,198,Four
244,280,474,533,544,614,524,594,416,465,259,334,314,188,Four
158,197,412,475,461,524,450,518,344,392,283,327,321,197,Four
228,256,455,512,513,580,494,561,393,442,262,324,305,189,Four
154,189,399,456,452,516,432,497,331,373,272,328,308,187,Four
217,250,439,495,496,560,477,543,379,428,251,311,293,180,Four
222,254,437,491,498,562,480,545,377,424,243,308,291,173,Four
162,195,397,453,441,506,424,488,327,370,262,311,293,178,Four
220,247,436,490,486,548,470,536,367,414,250,303,289,169,Four
221,250,435,490,482,545,464,529,367,412,247,297,279,164,Four
221,241,432,486,483,543,466,528,365,408,252,302,287,170,Four
217,238,434,489,479,539,463,526,363,406,257,302,288,171,Four
217,240,432,488,481,540,463,524,364,407,255,301,284,169,Four
230,253,438,493,482,544,463,526,363,406,247,292,273,156,Four
223,248,439,496,482,540,461,523,362,403,256,293,275,157,Four
142,175,357,412,386,442,380,438,290,328,244,269,263,154,Four
218,246,435,490,473,531,455,518,359,401,252,287,272,157,Four
133,167,334,386,379,443,367,426,277,316,224,277,259,151,Four
226,258,446,503,484,545,459,521,365,406,255,289,263,149,Four
156,191,335,374,360,413,351,405,271,315,187,222,214,129,Four
161,193,378,435,412,476,392,452,291,333,248,285,259,141,Four
235,267,469,528,493,556,468,536,362,408,270,292,269,141,Four
237,271,472,531,497,557,468,534,362,406,269,289,263,135,Four
182,210,374,424,391,447,389,450,307,357,225,241,241,147,Four
236,266,476,537,498,561,463,528,359,401,280,297,262,135,Four
108,117,298,342,324,371,312,360,234,272,228,254,243,158,Four
93,111,351,411,371,430,328,387,236,274,303,319,276,165,Four
137,158,377,434,407,468,367,428,270,309,284,312,271,150,Four
239,276,481,541,499,559,466,530,368,405,273,285,254,130,Four
240,267,481,543,501,562,465,528,362,404,284,297,261,138,Four
164,194,374,427,389,446,374,436,283,327,240,254,242,134,Four
236,265,484,544,498,557,460,522,365,404,287,294,257,138,Four
241,266,486,545,504,565,469,532,364,402,287,301,266,136,Four
173,222,313,355,342,395,336,389,304,358,143,188,190,175,Four
118,163,318,362,346,400,347,399,307,350,207,250,252,215,Four
234,264,469,529,504,567,477,541,370,420,271,305,277,157,Four
222,254,454,508,498,557,478,538,376,421,260,304,284,170,Four
129,160,348,403,395,458,376,434,290,329,249,300,274,170,Four
233,261,432,489,488,552,476,537,382,428,235,292,276,169,Four
166,202,372,428,427,489,416,475,331,373,231,288,273,173,Four
218,248,431,486,494,557,480,544,386,433,244,310,296,187,Four
230,259,434,487,497,559,493,557,400,447,236,301,298,190,Four
219,256,433,489,502,568,495,561,399,448,239,313,305,194,Four
228,264,443,500,511,577,504,571,411,462,243,314,307,201,Four
232,267,453,511,521,589,512,581,415,469,249,323,314,205,Four
233,272,454,513,522,590,514,583,421,475,247,319,311,206,Four
233,271,462,523,537,611,527,602,429,486,256,339,331,219,Four
229,269,456,515,538,606,540,610,442,490,250,337,341,224,Four
228,273,469,533,555,629,547,622,450,505,264,355,349,235,Four
228,277,468,531,557,628,554,626,458,513,257,351,349,239,Four
229,278,474,534,571,645,566,642,466,523,260,366,365,249,Four
135,185,374,436,465,534,461,532,386,440,254,348,347,258,Four
228,280,469,527,576,649,576,652,473,525,250,369,373,248,Four
220,277,472,533,577,652,579,652,488,542,259,375,376,269,Four
219,272,466,524,579,656,581,659,485,543,254,383,388,275,Four
155,213,386,444,491,563,509,583,428,487,234,349,370,278,Four
223,288,454,509,576,651,582,656,487,543,225,363,369,260,Four
148,205,366,420,483,555,500,571,420,475,219,349,366,274,Four
218,274,426,479,551,625,558,632,485,543,209,350,358,272,Four
203,256,420,473,543,611,555,627,475,529,219,355,372,278,Four
188,232,422,474,534,603,541,610,452,495,241,373,384,275,Four
105,142,356,413,445,508,464,521,400,437,275,377,395,318,Four
210,257,444,498,540,604,548,611,471,524,243,346,355,271,Four
123,182,373,433,441,505,335,334,262,238,252,323,153,61,Four
203,250,430,489,520,591,518,586,424,476,242,340,337,231,Four
136,187,335,385,385,442,350,390,293,334,203,255,203,150,Four
212,249,410,467,485,548,475,540,386,433,226,300,291,186,Four
195,234,390,441,463,525,457,520,367,413,214,292,286,181,Four
198,226,387,436,451,509,441,502,351,396,217,284,276,172,Four
131,167,326,375,381,438,371,429,296,339,213,271,262,174,Four
188,223,371,419,430,486,419,477,334,377,203,264,254,156,Four
135,169,327,375,382,438,374,430,294,333,211,270,261,165,Four
187,221,358,405,416,470,407,462,329,369,190,250,241,150,Four
131,163,313,360,365,419,357,411,278,314,202,256,248,153,Four
186,215,354,399,407,460,400,455,323,363,190,245,240,150,Four
182,214,354,399,406,458,398,452,320,359,192,244,238,147,Four
178,211,347,393,402,454,392,446,313,351,189,243,235,142,Four
116,145,295,339,338,389,328,380,261,296,199,245,235,152,Four
181,203,345,389,392,441,383,435,308,345,192,238,232,144,Four
127,156,293,338,333,382,322,375,253,287,188,227,219,132,Four
176,201,342,385,382,429,372,422,298,334,190,229,221,135,Four
176,196,338,381,379,425,371,420,298,332,191,230,224,138,Four
169,193,331,374,367,412,356,404,284,318,187,220,211,127,Four
169,191,331,373,363,408,352,398,282,313,188,218,207,124,Four
174,195,336,381,365,410,349,395,276,308,192,216,200,114,Four
175,197,339,382,365,409,350,396,278,309,190,213,199,114,Four
173,199,342,388,362,406,345,390,273,302,194,208,191,105,Four
173,193,342,387,361,405,344,390,271,302,199,213,197,111,Four
175,193,341,386,362,405,343,389,271,300,198,213,196,109,Four
170,191,343,387,359,402,340,384,263,290,201,212,193,101,Four
178,197,350,394,364,407,345,390,271,301,202,211,193,105,Four
184,197,349,394,362,405,341,387,265,295,203,209,190,99,Four
182,201,350,395,363,406,340,385,265,294,198,205,184,95,Four
181,197,345,390,358,399,337,380,263,291,199,203,183,95,Four
179,201,345,390,361,405,341,387,265,296,194,205,186,97,Four
183,208,346,392,363,406,346,391,273,303,188,198,183,98,Four
176,205,341,386,365,412,344,391,272,304,186,207,186,102,Four
179,207,342,388,371,418,356,403,287,318,185,212,196,114,Four
177,200,341,387,373,421,361,408,291,323,193,222,208,125,Four
184,209,352,397,392,441,382,434,305,343,193,233,225,137,Four
193,223,354,400,397,445,395,447,315,353,182,223,224,133,Four
195,225,356,401,409,462,402,455,326,369,181,238,230,146,Four
191,221,357,403,413,465,405,458,328,367,187,244,237,149,Four
198,234,368,415,428,483,421,476,340,381,187,250,242,150,Four
198,235,371,419,438,494,428,483,347,389,189,260,248,157,Four
200,234,390,440,455,513,443,500,356,399,211,280,266,168,Four
203,238,396,445,464,525,449,508,363,407,212,287,270,172,Four
211,242,406,457,471,531,453,513,358,401,219,288,271,163,Four
210,236,408,457,473,532,455,515,361,407,225,296,279,174,Four
217,237,413,465,470,530,454,514,359,401,233,293,277,167,Four
211,236,422,475,475,534,451,510,353,395,243,298,274,163,Four
216,236,424,480,472,530,451,510,351,393,250,295,274,159,Four
212,245,426,481,473,536,448,510,347,391,241,291,265,149,Four
211,237,421,476,477,539,455,513,353,396,243,302,276,162,Four
206,232,412,464,466,527,449,506,353,392,237,295,274,163,Four
197,233,393,446,455,516,440,500,350,394,219,283,267,163,Four
199,234,379,427,440,497,429,487,340,383,199,263,253,151,Four
198,229,369,415,422,476,412,468,333,374,192,248,239,147,Four
190,224,359,406,410,463,402,456,327,367,188,239,232,145,Four
188,221,352,398,404,456,395,449,322,362,182,235,228,143,Four
185,218,341,384,392,441,385,437,316,356,172,223,219,140,Four
182,213,339,383,385,434,381,433,312,351,176,221,220,140,Four
180,213,331,375,378,426,372,424,306,345,168,213,211,134,Four
184,210,329,370,374,420,371,421,307,345,166,211,211,136,Four
177,209,319,360,362,409,361,412,298,334,157,200,203,127,Four
176,205,317,357,362,407,359,408,297,334,158,203,203,130,Four
173,202,315,354,359,402,357,405,294,331,159,200,203,130,Four
172,201,317,357,360,405,359,407,298,333,162,204,206,133,Four
173,201,317,358,359,403,358,407,295,332,163,203,206,132,Four
171,202,322,365,363,411,357,408,295,332,168,209,206,132,Four
170,198,328,372,372,420,364,413,301,338,178,222,215,142,Four
170,196,339,384,387,437,381,432,310,348,193,241,236,154,Four
187,217,357,405,409,463,399,454,322,362,193,246,237,148,Four
194,220,378,426,429,484,414,470,334,376,212,264,250,159,Four
202,228,385,434,440,494,427,485,336,377,211,267,257,151,Four
205,228,410,463,459,517,440,500,349,394,241,290,272,168,Four
216,241,437,492,489,551,464,527,367,413,257,310,286,174,Four
226,262,454,515,512,577,494,561,387,431,258,315,299,173,Four
229,269,484,549,551,623,524,596,404,451,285,354,327,186,Four
239,277,504,570,569,643,541,616,418,464,298,366,339,191,Four
245,283,512,579,579,654,549,624,425,473,302,371,341,194,Four
246,289,497,563,573,650,544,619,417,466,280,361,330,182,Four
239,280,485,549,558,633,529,601,408,456,274,353,321,180,Four
172,205,395,450,472,537,449,510,351,395,248,332,305,194,Four
197,233,392,439,467,528,451,509,363,403,208,294,276,173,Four
144,177,317,362,382,436,372,426,300,340,189,259,249,166,Four
194,226,355,400,408,456,398,449,323,361,179,230,223,138,Four
181,214,335,377,390,440,383,434,310,347,168,226,220,135,Four
176,207,328,369,381,428,376,426,307,344,167,221,219,139,Four
177,210,321,361,368,413,360,408,296,333,157,203,198,125,Four
170,199,317,357,364,409,362,411,298,333,164,210,212,135,Four
174,200,317,357,362,409,357,405,294,331,163,209,205,133,Four
173,203,323,365,365,414,359,410,293,332,167,211,207,132,Four
171,202,322,364,368,416,362,413,295,332,168,214,211,132,Four
177,209,326,371,372,421,368,420,301,338,167,212,211,131,Four
176,208,332,375,376,424,372,424,303,342,171,216,216,137,Four
178,206,334,377,379,429,372,424,301,340,176,224,218,136,Four
182,213,338,382,386,436,380,433,307,347,174,224,220,136,Four
180,209,340,384,389,440,381,434,309,347,179,231,225,141,Four
182,213,346,389,395,447,386,440,315,354,181,234,227,143,Four
183,215,357,403,409,464,395,451,320,362,192,249,236,150,Four
194,224,365,413,418,474,403,459,324,365,193,250,235,145,Four
200,230,402,455,455,516,434,494,340,386,230,286,264,159,Four
205,240,425,480,483,547,459,522,358,402,244,307,282,166,Four